<?xml version="1.0" encoding="UTF-8"?>
<project-private xmlns="http://www.netbeans.org/ns/project-private/1">
    <editor-bookmarks xmlns="http://www.netbeans.org/ns/editor-bookmarks/2" lastBookmarkId="0"/>
    <open-files xmlns="http://www.netbeans.org/ns/projectui-open-files/2">
        <group>
            <file>file:/C:/Users/Dominique/Documents/NetBeansProjects/COS326_PRACTICAL1/u21629944/src/u21629944/gui/TransactionGUI.java</file>
            <file>file:/C:/Users/Dominique/Documents/NetBeansProjects/COS326_PRACTICAL1/u21629944/src/u21629944/U21629944.java</file>
            <file>file:/C:/Users/Dominique/Documents/NetBeansProjects/COS326_PRACTICAL1/u21629944/src/u21629944/model/Transaction.java</file>
        </group>
    </open-files>
</project-private>
